n,r1,delta_x_km,decorr_length_km,integral_timescale_km,neff_method1,neff_method2,neff_geomean,neff_ratio,se_median_revised,sector,dx_method
47735,0.2490966393381417,0.3122425377635299,17.0,0.9211152734174026,28696.235977535445,16181.359673739724,21548.64533178388,0.4514223385730361,0.0013917288815280887,Weddell,median_dx
34606,0.23207091891595044,0.3125111598595083,21.0,0.7170427941047708,21569.337748330956,15082.448756214602,18036.585910162903,0.5211982289245478,0.0013691066309534706,Ross,median_dx
47735,0.2490966393381417,0.9600783473750504,17.0,0.9211152734174026,28696.235977535445,47735.0,37011.009502412315,0.7753432387642676,0.0010619379983457314,Weddell,mean_dx
34606,0.23207091891595044,1.0693288367416456,21.0,0.7170427941047708,21569.337748330956,34606.0,27320.84372999379,0.7894828564409001,0.0011124164120742323,Ross,mean_dx
